Raw_tweets,tokenized_cleaned_tweets,tokenized_sentence_tweets,Polarity,Subjectivity,Distance_tweets
@F1 @LewisHamilton Heâ€™s Lucky the queen didnâ€™t change the rules at the very end and knight Max instead ğŸ™ŒğŸ»,"['lucky', 'queen', 'change', 'rules', 'end', 'knight', 'max', 'instead', 'ğŸ™ŒğŸ»']",['  Heâ€™s Lucky the queen didnâ€™t change the rules at the very end and knight Max instead ğŸ™ŒğŸ»'],0.26666666666666666,0.5666666666666667,"['f1', 'lewishamilton', 'lucky', 'queen', 'change', 'rules', 'end', 'knight', 'max', 'instead', 'ğŸ™ŒğŸ»']"
@F1 @aramco Then you robbed him of the championship.,"['robbed', 'championship']",['  Then you robbed him of the championship.'],0.0,0.0,"['f1', 'aramco', 'robbed', 'championship']"
@azjemenou @firstorlastbaby @Flashakis @F1 @LewisHamilton Well they would have then been on the correct tyres because the only way max could have been in front is if Red Bull didnâ€™t put him in hick Mercedesâ€™ would have new tyres and max old tyres â€¦â€¦ whichever way you look at it Mercedes made a tactical error by deciding not to pit,"['well', 'would', 'correct', 'tyres', 'way', 'max', 'could', 'front', 'red', 'bull', 'put', 'hick', 'mercedes', 'would', 'new', 'tyres', 'max', 'old', 'tyres', 'â€¦â€¦', 'whichever', 'way', 'look', 'mercedes', 'made', 'tactical', 'error', 'deciding', 'pit']",['     Well they would have then been on the correct tyres because the only way max could have been in front is if Red Bull didnâ€™t put him in hick Mercedesâ€™ would have new tyres and max old tyres â€¦â€¦ whichever way you look at it Mercedes made a tactical error by deciding not to pit'],0.05909090909090909,0.41363636363636364,"['azjemenou', 'firstorlastbaby', 'flashakis', 'f1', 'lewishamilton', 'well', 'would', 'correct', 'tyres', 'way', 'max', 'could', 'front', 'red', 'bull', 'put', 'hick', 'mercedes', 'would', 'new', 'tyres', 'max', 'old', 'tyres', 'â€¦â€¦', 'whichever', 'way', 'look', 'mercedes', 'made', 'tactical', 'error', 'deciding', 'pit']"
"@RobLMyers @MercedesAMGF1 Now the dust has settled, Iâ€™m going to try and give F1 a â€œwatchâ€ next year but will never forget the farce that unfolded before my very eyes last Sunday. That final lap with reversed and hesitant decisions has soured my involvement with the sport forever","['dust', 'settled', 'going', 'try', 'give', 'f1', 'watch', 'next', 'year', 'never', 'forget', 'farce', 'unfolded', 'eyes', 'last', 'sunday', 'final', 'lap', 'reversed', 'hesitant', 'decisions', 'soured', 'involvement', 'sport', 'forever']","['  Now the dust has settled, Iâ€™m going to try and give F1 a â€œwatchâ€ next year but will never forget the farce that unfolded before my very eyes last Sunday.', 'That final lap with reversed and hesitant decisions has soured my involvement with the sport forever']",-0.08333333333333333,0.3277777777777778,"['roblmyers', 'mercedesamgf1', 'dust', 'settled', 'going', 'try', 'give', 'f1', 'watch', 'next', 'year', 'never', 'forget', 'farce', 'unfolded', 'eyes', 'last', 'sunday', 'final', 'lap', 'reversed', 'hesitant', 'decisions', 'soured', 'involvement', 'sport', 'forever']"
@F1 What about ranking your corruption? Who bribed or blackmailed Masi? Or was it purely incompetence? We are wanting a full admission and public apology to Lewis that you deliberately orchestrated his loss. Max should know he is the recipient of stolen goods.,"['ranking', 'corruption', 'bribed', 'blackmailed', 'masi', 'purely', 'incompetence', 'wanting', 'full', 'admission', 'public', 'apology', 'lewis', 'deliberately', 'orchestrated', 'loss', 'max', 'know', 'recipient', 'stolen', 'goods']","[' What about ranking your corruption?', 'Who bribed or blackmailed Masi?', 'Or was it purely incompetence?', 'We are wanting a full admission and public apology to Lewis that you deliberately orchestrated his loss.', 'Max should know he is the recipient of stolen goods.']",0.1880952380952381,0.37222222222222223,"['f1', 'ranking', 'corruption', 'bribed', 'blackmailed', 'masi', 'purely', 'incompetence', 'wanting', 'full', 'admission', 'public', 'apology', 'lewis', 'deliberately', 'orchestrated', 'loss', 'max', 'know', 'recipient', 'stolen', 'goods']"
"The trophy will be handed to Max and the Fia will analyze how they can hide their crimes better in the future?
I don't accept! Appeal!
@F1 and @fia
#IStandWithLewisHamilton 
#IStandWithLewis
#JusticeForLewis
#F1xed
#F1
#GiveBackTheWin","['trophy', 'handed', 'max', 'fia', 'analyze', 'hide', 'crimes', 'better', 'future', ""n't"", 'accept', 'appeal', 'istandwithlewishamilton', 'istandwithlewis', 'justiceforlewis', 'f1xed', 'f1', 'givebackthewin']","['The trophy will be handed to Max and the Fia will analyze how they can hide their crimes better in the future?', ""I don't accept!"", 'Appeal!', 'and \n#IStandWithLewisHamilton \n#IStandWithLewis\n#JusticeForLewis\n#F1xed\n#F1\n#GiveBackTheWin']",0.25,0.3125,"['trophy', 'handed', 'max', 'fia', 'analyze', 'hide', 'crimes', 'better', 'future', ""n't"", 'accept', 'appeal', 'f1', 'fia', 'istandwithlewishamilton', 'istandwithlewis', 'justiceforlewis', 'f1xed', 'f1', 'givebackthewin']"
@CardPurchaser know of any good F1 Card Accounts / collectors to follow?,"['know', 'good', 'f1', 'card', 'accounts', 'collectors', 'follow']",[' know of any good F1 Card Accounts / collectors to follow?'],0.7,0.6000000000000001,"['cardpurchaser', 'know', 'good', 'f1', 'card', 'accounts', 'collectors', 'follow']"
"@fia I love how people are taking Hamilton's BS words that it was manipulated for truth, what a bunch of idiots. Verstappen passed him on track. true World Champ","['love', 'people', 'taking', 'hamilton', 'bs', 'words', 'manipulated', 'truth', 'bunch', 'idiots', 'verstappen', 'passed', 'track', 'true', 'world', 'champ']","["" I love how people are taking Hamilton's BS words that it was manipulated for truth, what a bunch of idiots."", 'Verstappen passed him on track.', 'true World Champ']",0.016666666666666646,0.6833333333333332,"['fia', 'love', 'people', 'taking', 'hamilton', 'bs', 'words', 'manipulated', 'truth', 'bunch', 'idiots', 'verstappen', 'passed', 'track', 'true', 'world', 'champ']"
@FormulaNerds_ @RacingLines @MercedesAMGF1 I suppose the whole team must have taken a vote and voted against it. Given the situation of obvious corruption within f1 i cannot blame them. If the Liberty group wanted showmanship it looks like they got it via the way they acted. Next season the rules must be clearer,"['suppose', 'whole', 'team', 'must', 'taken', 'vote', 'voted', 'given', 'situation', 'obvious', 'corruption', 'within', 'f1', 'blame', 'liberty', 'group', 'wanted', 'showmanship', 'looks', 'like', 'got', 'via', 'way', 'acted', 'next', 'season', 'rules', 'must', 'clearer']","['   I suppose the whole team must have taken a vote and voted against it.', 'Given the situation of obvious corruption within f1 i cannot blame them.', 'If the Liberty group wanted showmanship it looks like they got it via the way they acted.', 'Next season the rules must be clearer']",0.06666666666666667,0.3,"['formulanerds_', 'racinglines', 'mercedesamgf1', 'suppose', 'whole', 'team', 'must', 'taken', 'vote', 'voted', 'given', 'situation', 'obvious', 'corruption', 'within', 'f1', 'blame', 'liberty', 'group', 'wanted', 'showmanship', 'looks', 'like', 'got', 'via', 'way', 'acted', 'next', 'season', 'rules', 'must', 'clearer']"
@markitogolez23 @thijzabrouwer @AOmodamola @F1 @LewisHamilton I think you need the hug cuz youre the one crying,"['think', 'need', 'hug', 'cuz', 'youre', 'one', 'crying']",['     I think you need the hug cuz youre the one crying'],-0.2,0.6,"['markitogolez23', 'thijzabrouwer', 'aomodamola', 'f1', 'lewishamilton', 'think', 'need', 'hug', 'cuz', 'youre', 'one', 'crying']"
"Congratulations to Sir Lewis Hamilton, but take a look at the state of his boots. They must be the shiniest investiture boots to grace any investiture","['congratulations', 'sir', 'lewis', 'hamilton', 'take', 'look', 'state', 'boots', 'must', 'shiniest', 'investiture', 'boots', 'grace', 'investiture']","['Congratulations to Sir Lewis Hamilton, but take a look at the state of his boots.', 'They must be the shiniest investiture boots to grace any investiture']",0.0,0.0,"['congratulations', 'sir', 'lewis', 'hamilton', 'take', 'look', 'state', 'boots', 'must', 'shiniest', 'investiture', 'boots', 'grace', 'investiture']"
@PET_Motorsports @LewisHamilton @ValtteriBottas @MercedesAMGF1 Your F1 team is disgusting,"['f1', 'team', 'disgusting']",['    Your F1 team is disgusting'],-1.0,1.0,"['pet_motorsports', 'lewishamilton', 'valtteribottas', 'mercedesamgf1', 'f1', 'team', 'disgusting']"
@F1_Jordan @_the44 I like how Mercedes fans are just waking up to this realization,"['like', 'mercedes', 'fans', 'waking', 'realization']",['  I like how Mercedes fans are just waking up to this realization'],0.0,0.0,"['f1_jordan', '_the44', 'like', 'mercedes', 'fans', 'waking', 'realization']"
"@F1 @LewisHamilton Bono, my squires","['bono', 'squires']","['  Bono, my squires']",0.0,0.0,"['f1', 'lewishamilton', 'bono', 'squires']"
@Max33Verstappen @redbullracing @HondaRacingF1 weâ€™re I stand you should look at rosberg did win a hand down title and retire f1.everytime you look in the mirror you will know that a hand down title from Horner and Micheal massi early Christmas gift.coz as a racer going in the last race you were and are a good 2nd best driver!,"['stand', 'look', 'rosberg', 'win', 'hand', 'title', 'retire', 'f1.everytime', 'look', 'mirror', 'know', 'hand', 'title', 'horner', 'micheal', 'massi', 'early', 'christmas', 'gift.coz', 'racer', 'going', 'last', 'race', 'good', '2nd', 'best', 'driver']",['   weâ€™re I stand you should look at rosberg did win a hand down title and retire f1.everytime you look in the mirror you will know that a hand down title from Horner and Micheal massi early Christmas gift.coz as a racer going in the last race you were and are a good 2nd best driver!'],0.2861111111111111,0.28055555555555556,"['max33verstappen', 'redbullracing', 'hondaracingf1', 'stand', 'look', 'rosberg', 'win', 'hand', 'title', 'retire', 'f1.everytime', 'look', 'mirror', 'know', 'hand', 'title', 'horner', 'micheal', 'massi', 'early', 'christmas', 'gift.coz', 'racer', 'going', 'last', 'race', 'good', '2nd', 'best', 'driver']"
@PHortonF1 @F1_Jordan described it perfectly - â€œits like trusting a child to mark their own homework honestlyâ€ - never going to happen,"['described', 'perfectly', 'like', 'trusting', 'child', 'mark', 'homework', 'honestly', 'never', 'going', 'happen']",['  described it perfectly - â€œits like trusting a child to mark their own homework honestlyâ€ - never going to happen'],0.43333333333333335,0.9666666666666667,"['phortonf1', 'f1_jordan', 'described', 'perfectly', 'like', 'trusting', 'child', 'mark', 'homework', 'honestly', 'never', 'going', 'happen']"
"@billyboypeep @RoyalFamily @LewisHamilton @F1 @ClarenceHouse Uncle Jimmy will be looking down on them, now then ğŸ˜µâ€ğŸ’«","['uncle', 'jimmy', 'looking', 'ğŸ˜µ\u200dğŸ’«']","['     Uncle Jimmy will be looking down on them, now then ğŸ˜µ\u200dğŸ’«']",-0.15555555555555559,0.2888888888888889,"['billyboypeep', 'royalfamily', 'lewishamilton', 'f1', 'clarencehouse', 'uncle', 'jimmy', 'looking', 'ğŸ˜µ\u200dğŸ’«']"
"@andrewbensonf1 It is not the discussion that it tarnishing the image of F1, but the appalling decision by Stewards, that too fans, looks like cheating","['discussion', 'tarnishing', 'image', 'f1', 'appalling', 'decision', 'stewards', 'fans', 'looks', 'like', 'cheating']","[' It is not the discussion that it tarnishing the image of F1, but the appalling decision by Stewards, that too fans, looks like cheating']",-0.35,0.9,"['andrewbensonf1', 'discussion', 'tarnishing', 'image', 'f1', 'appalling', 'decision', 'stewards', 'fans', 'looks', 'like', 'cheating']"
@JohnT1974 @F1 @LewisHamilton u ment he only won 8 races this season,"['u', 'ment', '8', 'races', 'season']",['   u ment he only won 8 races this season'],0.0,1.0,"['johnt1974', 'f1', 'lewishamilton', 'u', 'ment', '8', 'races', 'season']"
@ThomasBunink @pirellisport @F1 @fia @MercedesAMGF1 @ScuderiaFerrari @McLarenF1 @GeorgeRussell63 @Charles_Leclerc Truee,['truee'],['         Truee'],0.0,0.0,"['thomasbunink', 'pirellisport', 'f1', 'fia', 'mercedesamgf1', 'scuderiaferrari', 'mclarenf1', 'georgerussell63', 'charles_leclerc', 'truee']"
@F1 Well deserved!,"['well', 'deserved']",[' Well deserved!'],0.0,0.0,"['f1', 'well', 'deserved']"
gonna stream later what do I play? fifa 22 fortnite cs r6 f1?,"['gon', 'na', 'stream', 'later', 'play', 'fifa', '22', 'fortnite', 'cs', 'r6', 'f1']","['gonna stream later what do I play?', 'fifa 22 fortnite cs r6 f1?']",0.0,0.0,"['gon', 'na', 'stream', 'later', 'play', 'fifa', '22', 'fortnite', 'cs', 'r6', 'f1']"
@F1_Jordan @MUnitedGirl @_the44 Arrogance is the camouflage of insecurity.,"['arrogance', 'camouflage', 'insecurity']",['   Arrogance is the camouflage of insecurity.'],0.0,0.0,"['f1_jordan', 'munitedgirl', '_the44', 'arrogance', 'camouflage', 'insecurity']"
@AmandaJMa @alexberesfordTV @LewisHamilton Hilarious! Iâ€™d like to see you try &amp; drive an F1 car without killing yourself ğŸ¤£ğŸ¤£,"['hilarious', 'like', 'see', 'try', '&', 'amp', ';', 'drive', 'f1', 'car', 'without', 'killing', 'ğŸ¤£ğŸ¤£']","['   Hilarious!', 'Iâ€™d like to see you try &amp; drive an F1 car without killing yourself ğŸ¤£ğŸ¤£']",0.625,1.0,"['amandajma', 'alexberesfordtv', 'lewishamilton', 'hilarious', 'like', 'see', 'try', '&', 'amp', ';', 'drive', 'f1', 'car', 'without', 'killing', 'ğŸ¤£ğŸ¤£']"
@F1 @Max33Verstappen Finally.,['finally'],['  Finally.'],0.0,1.0,"['f1', 'max33verstappen', 'finally']"
"@BBCNews It's going to do nothing to change the ğŸ’© show that was the last lap and it's result, Lewis had won the race, until Masi decided otherwise. (I say this as an F1 fan, not a driver fanboy), the ""race"" became null and void, and was decided on a coin toss, history will reflect that.","['going', 'nothing', 'change', 'ğŸ’©', 'show', 'last', 'lap', 'result', 'lewis', 'race', 'masi', 'decided', 'otherwise', '(', 'say', 'f1', 'fan', 'driver', 'fanboy', ')', '``', 'race', ""''"", 'became', 'null', 'void', 'decided', 'coin', 'toss', 'history', 'reflect']","["" It's going to do nothing to change the ğŸ’© show that was the last lap and it's result, Lewis had won the race, until Masi decided otherwise."", '(I say this as an F1 fan, not a driver fanboy), the ""race"" became null and void, and was decided on a coin toss, history will reflect that.']",0.0,0.06666666666666667,"['bbcnews', 'going', 'nothing', 'change', 'ğŸ’©', 'show', 'last', 'lap', 'result', 'lewis', 'race', 'masi', 'decided', 'otherwise', '(', 'say', 'f1', 'fan', 'driver', 'fanboy', ')', '``', 'race', ""''"", 'became', 'null', 'void', 'decided', 'coin', 'toss', 'history', 'reflect']"
"@Rev0n1 @paredeamarela09 @LeeSmurfUK @Neily1973 @Speedtrap_F1 @SkySportsNews When you result to insults there really is nothing left, max did nothing wrong, lewis did nothing wrong and I certainly didnâ€™t mention your English you started that with butthurt English Twitter.","['result', 'insults', 'really', 'nothing', 'left', 'max', 'nothing', 'wrong', 'lewis', 'nothing', 'wrong', 'certainly', 'mention', 'english', 'started', 'butthurt', 'english', 'twitter']","['      When you result to insults there really is nothing left, max did nothing wrong, lewis did nothing wrong and I certainly didnâ€™t mention your English you started that with butthurt English Twitter.']",-0.0836734693877551,0.36734693877551017,"['rev0n1', 'paredeamarela09', 'leesmurfuk', 'neily1973', 'speedtrap_f1', 'skysportsnews', 'result', 'insults', 'really', 'nothing', 'left', 'max', 'nothing', 'wrong', 'lewis', 'nothing', 'wrong', 'certainly', 'mention', 'english', 'started', 'butthurt', 'english', 'twitter']"
"@EricHendrawan3 @JacobtheVega @frontwings @F1_Jordan @fia @F1 Latifiâ€™s dad doesnâ€™t own Williams ğŸ˜‚

Get your drivers straight.","['latifi', 'dad', 'williams', 'ğŸ˜‚', 'get', 'drivers', 'straight']",['      Latifiâ€™s dad doesnâ€™t own Williams ğŸ˜‚\n\nGet your drivers straight.'],0.4,0.7,"['erichendrawan3', 'jacobthevega', 'frontwings', 'f1_jordan', 'fia', 'f1', 'latifi', 'dad', 'williams', 'ğŸ˜‚', 'get', 'drivers', 'straight']"
@matty_prior @supercars Lessons must be learned - typical resolution by the FIA. Both Indycar and supercars are leaps ahead for proper racing and fair on-track stewardship. F1 needs to look how Eduardo Freitas runs the ship brilliantly over at ELMS.,"['lessons', 'must', 'learned', 'typical', 'resolution', 'fia', 'indycar', 'supercars', 'leaps', 'ahead', 'proper', 'racing', 'fair', 'on-track', 'stewardship', 'f1', 'needs', 'look', 'eduardo', 'freitas', 'runs', 'ship', 'brilliantly', 'elms']","['  Lessons must be learned - typical resolution by the FIA.', 'Both Indycar and supercars are leaps ahead for proper racing and fair on-track stewardship.', 'F1 needs to look how Eduardo Freitas runs the ship brilliantly over at ELMS.']",0.35833333333333334,0.625,"['matty_prior', 'supercars', 'lessons', 'must', 'learned', 'typical', 'resolution', 'fia', 'indycar', 'supercars', 'leaps', 'ahead', 'proper', 'racing', 'fair', 'on-track', 'stewardship', 'f1', 'needs', 'look', 'eduardo', 'freitas', 'runs', 'ship', 'brilliantly', 'elms']"
@F1 @LewisHamilton Well done Lad. Put last weekend behind you.,"['well', 'done', 'lad', 'put', 'last', 'weekend', 'behind']","['  Well done Lad.', 'Put last weekend behind you.']",-0.2,0.3833333333333333,"['f1', 'lewishamilton', 'well', 'done', 'lad', 'put', 'last', 'weekend', 'behind']"
"@fia You did this to yourself, taking all the fans and other teams for fools! Enough is enough! Is Masi fired yet? Maybe the fans should stop buying F1 tickets, and stop supporting F1 until you rectify this #IStandWithLewis  #MasiOUT","['taking', 'fans', 'teams', 'fools', 'enough', 'enough', 'masi', 'fired', 'yet', 'maybe', 'fans', 'stop', 'buying', 'f1', 'tickets', 'stop', 'supporting', 'f1', 'rectify', 'istandwithlewis', 'masiout']","[' You did this to yourself, taking all the fans and other teams for fools!', 'Enough is enough!', 'Is Masi fired yet?', 'Maybe the fans should stop buying F1 tickets, and stop supporting F1 until you rectify this #IStandWithLewis  #MasiOUT']",0.0234375,0.40625,"['fia', 'taking', 'fans', 'teams', 'fools', 'enough', 'enough', 'masi', 'fired', 'yet', 'maybe', 'fans', 'stop', 'buying', 'f1', 'tickets', 'stop', 'supporting', 'f1', 'rectify', 'istandwithlewis', 'masiout']"
@Lindama18162148 @LungaMrhetjha So in you moment of wisdom you think you can't love someone or something else if you also love your wife? I can't love Orlando Pirates or Lewis Hamilton because I love my wife? Umdala khehla use your brain,"['moment', 'wisdom', 'think', 'ca', ""n't"", 'love', 'someone', 'something', 'else', 'also', 'love', 'wife', 'ca', ""n't"", 'love', 'orlando', 'pirates', 'lewis', 'hamilton', 'love', 'wife', 'umdala', 'khehla', 'use', 'brain']","[""  So in you moment of wisdom you think you can't love someone or something else if you also love your wife?"", ""I can't love Orlando Pirates or Lewis Hamilton because I love my wife?"", 'Umdala khehla use your brain']",0.5,0.6,"['lindama18162148', 'lungamrhetjha', 'moment', 'wisdom', 'think', 'ca', ""n't"", 'love', 'someone', 'something', 'else', 'also', 'love', 'wife', 'ca', ""n't"", 'love', 'orlando', 'pirates', 'lewis', 'hamilton', 'love', 'wife', 'umdala', 'khehla', 'use', 'brain']"
@heidytweet @Kenny_McCann1 @cereegolas @F1 @Max33Verstappen The stewards ğŸ˜‚ğŸ˜‚ğŸ˜‚ and who do they work for? This has nothing to do with how Mercedes feel - this is about the ongoing integrity of the sport â€¦ which is void of any at present. How can I put it into words that youâ€™ll understand? F1 is finished as a sport if this isnâ€™t sorted.,"['stewards', 'ğŸ˜‚ğŸ˜‚ğŸ˜‚', 'work', 'nothing', 'mercedes', 'feel', 'ongoing', 'integrity', 'sport', 'â€¦', 'void', 'present', 'put', 'words', 'understand', 'f1', 'finished', 'sport', 'sorted']","['     The stewards ğŸ˜‚ğŸ˜‚ğŸ˜‚ and who do they work for?', 'This has nothing to do with how Mercedes feel - this is about the ongoing integrity of the sport â€¦ which is void of any at present.', 'How can I put it into words that youâ€™ll understand?', 'F1 is finished as a sport if this isnâ€™t sorted.']",0.0,0.0,"['heidytweet', 'kenny_mccann1', 'cereegolas', 'f1', 'max33verstappen', 'stewards', 'ğŸ˜‚ğŸ˜‚ğŸ˜‚', 'work', 'nothing', 'mercedes', 'feel', 'ongoing', 'integrity', 'sport', 'â€¦', 'void', 'present', 'put', 'words', 'understand', 'f1', 'finished', 'sport', 'sorted']"
"@MercedesAMGF1 You have to appeal, there is nothing wrong with this. If you withdraw that would be another shame for @F1 . @fia  made the mistake and has to pay for it. Not you and @LewisHamilton #IstandWithLewisHamilton #MasiOUT","['appeal', 'nothing', 'wrong', 'withdraw', 'would', 'another', 'shame', 'made', 'mistake', 'pay', 'istandwithlewishamilton', 'masiout']","[' You have to appeal, there is nothing wrong with this.', 'If you withdraw that would be another shame for  .', 'made the mistake and has to pay for it.', 'Not you and  #IstandWithLewisHamilton #MasiOUT']",-0.5,0.9,"['mercedesamgf1', 'appeal', 'nothing', 'wrong', 'withdraw', 'would', 'another', 'shame', 'f1', 'fia', 'made', 'mistake', 'pay', 'lewishamilton', 'istandwithlewishamilton', 'masiout']"
"@WoolfHopkinson @F1 I understand your point and I agree with it but why is this #""IStandWithLewisHamilton""?
Max did nothing wrong, it was the FIA's fault, that benefitted Max. We are not against Max or Lewis right now. Can't be there a better #? Like #IStandWithTheIntegrityOfF1?","['understand', 'point', 'agree', ""''"", 'istandwithlewishamilton', ""''"", 'max', 'nothing', 'wrong', 'fia', 'fault', 'benefitted', 'max', 'max', 'lewis', 'right', 'ca', ""n't"", 'better', 'like', 'istandwiththeintegrityoff1']","['  I understand your point and I agree with it but why is this #""IStandWithLewisHamilton""?', ""Max did nothing wrong, it was the FIA's fault, that benefitted Max."", 'We are not against Max or Lewis right now.', ""Can't be there a better #?"", 'Like #IStandWithTheIntegrityOfF1?']",0.09523809523809523,0.6452380952380953,"['woolfhopkinson', 'f1', 'understand', 'point', 'agree', ""''"", 'istandwithlewishamilton', ""''"", 'max', 'nothing', 'wrong', 'fia', 'fault', 'benefitted', 'max', 'max', 'lewis', 'right', 'ca', ""n't"", 'better', 'like', 'istandwiththeintegrityoff1']"
"@Matt_Lecointe @WendyHough16 @jenros2 @F1 @fia @MercedesAMGF1 @LewisHamilton Your right  Matt,","['right', 'matt']","['       Your right  Matt,']",0.2857142857142857,0.5357142857142857,"['matt_lecointe', 'wendyhough16', 'jenros2', 'f1', 'fia', 'mercedesamgf1', 'lewishamilton', 'right', 'matt']"
@SkySportsNews He's been knighted again? So he's Sir Sir Lewis Hamilton?ğŸ¤”ğŸ™ƒ,"['knighted', 'sir', 'sir', 'lewis', 'hamilton', 'ğŸ¤”ğŸ™ƒ']","["" He's been knighted again?"", ""So he's Sir Sir Lewis Hamilton?ğŸ¤”ğŸ™ƒ""]",0.0,0.0,"['skysportsnews', 'knighted', 'sir', 'sir', 'lewis', 'hamilton', 'ğŸ¤”ğŸ™ƒ']"
"@F1TruthTweets @ffalon123 @UTDAustin @RyanPri05319179 @_DerBeichtvader @CFCTom_ @GoodGuySedge And he needed a tyre blowout, him sending verstappen into hospital, and botass playing bowling to even be in contention. Speaks volumes","['needed', 'tyre', 'blowout', 'sending', 'verstappen', 'hospital', 'botass', 'playing', 'bowling', 'even', 'contention', 'speaks', 'volumes']","['       And he needed a tyre blowout, him sending verstappen into hospital, and botass playing bowling to even be in contention.', 'Speaks volumes']",0.0,0.0,"['f1truthtweets', 'ffalon123', 'utdaustin', 'ryanpri05319179', '_derbeichtvader', 'cfctom_', 'goodguysedge', 'needed', 'tyre', 'blowout', 'sending', 'verstappen', 'hospital', 'botass', 'playing', 'bowling', 'even', 'contention', 'speaks', 'volumes']"
"@SilverArrowsNet No1 gives a shit about F1's reputation now! It's already been ruined and dragged through the dirt by Masi and his FIA corruption. What needs to happen now, all comes down to getting the truth and why the FIA were bothered about fixing the race result for a media spectical.","['no1', 'gives', 'shit', 'f1', 'reputation', 'already', 'ruined', 'dragged', 'dirt', 'masi', 'fia', 'corruption', 'needs', 'happen', 'comes', 'getting', 'truth', 'fia', 'bothered', 'fixing', 'race', 'result', 'media', 'spectical']","["" No1 gives a shit about F1's reputation now!"", ""It's already been ruined and dragged through the dirt by Masi and his FIA corruption."", 'What needs to happen now, all comes down to getting the truth and why the FIA were bothered about fixing the race result for a media spectical.']",-0.20277777777777778,0.5444444444444445,"['silverarrowsnet', 'no1', 'gives', 'shit', 'f1', 'reputation', 'already', 'ruined', 'dragged', 'dirt', 'masi', 'fia', 'corruption', 'needs', 'happen', 'comes', 'getting', 'truth', 'fia', 'bothered', 'fixing', 'race', 'result', 'media', 'spectical']"
"@fia Do they think this #FIACoverUp is acceptable to its global audience, an utter disgrace, surely @MercedesAMGF1  cannot bow down to this blatant bullying #FIAGate #FIAPrizeFixing2021 @SkySportsF1 @Planet_F1 @autosport @F1 @NataliePinkham @JennieGow @LewisHamilton @GeorgeRussell63","['think', 'fiacoverup', 'acceptable', 'global', 'audience', 'utter', 'disgrace', 'surely', 'bow', 'blatant', 'bullying', 'fiagate', 'fiaprizefixing2021']","[' Do they think this #FIACoverUp is acceptable to its global audience, an utter disgrace, surely   cannot bow down to this blatant bullying #FIAGate #FIAPrizeFixing2021']",-0.03111111111111111,0.5355555555555556,"['fia', 'think', 'fiacoverup', 'acceptable', 'global', 'audience', 'utter', 'disgrace', 'surely', 'mercedesamgf1', 'bow', 'blatant', 'bullying', 'fiagate', 'fiaprizefixing2021', 'skysportsf1', 'planet_f1', 'autosport', 'f1', 'nataliepinkham', 'jenniegow', 'lewishamilton', 'georgerussell63']"
@Wyld_Chyld @hooman_average @Arthur_376 @Patrick17_6 @kvnmit @AOmodamola @F1 @LewisHamilton ur so blind because of things u like buddy,"['ur', 'blind', 'things', 'u', 'like', 'buddy']",['        ur so blind because of things u like buddy'],-0.5,0.6666666666666666,"['wyld_chyld', 'hooman_average', 'arthur_376', 'patrick17_6', 'kvnmit', 'aomodamola', 'f1', 'lewishamilton', 'ur', 'blind', 'things', 'u', 'like', 'buddy']"
@theemilon u r getting known within f1 twt,"['u', 'r', 'getting', 'known', 'within', 'f1', 'twt']",[' u r getting known within f1 twt'],0.0,0.0,"['theemilon', 'u', 'r', 'getting', 'known', 'within', 'f1', 'twt']"
"@AdamJoh30699659 @PatricioOWard @McLarenF1 @F1 @ymcofficial @ZBrownCEO washed up at 22 ğŸ¤£ Well if you took in more comparable track conditions which was FP3 for GP with the track temp and ambient. He was faster than Riccardo, le clerc, Alonso, Vettel, Ocon, Russel and others. Not bad for a driver from a weaker series. beating most the f2 drivers too","['washed', '22', 'ğŸ¤£', 'well', 'took', 'comparable', 'track', 'conditions', 'fp3', 'gp', 'track', 'temp', 'ambient', 'faster', 'riccardo', 'le', 'clerc', 'alonso', 'vettel', 'ocon', 'russel', 'others', 'bad', 'driver', 'weaker', 'series', 'beating', 'f2', 'drivers']","['      washed up at 22 ğŸ¤£ Well if you took in more comparable track conditions which was FP3 for GP with the track temp and ambient.', 'He was faster than Riccardo, le clerc, Alonso, Vettel, Ocon, Russel and others.', 'Not bad for a driver from a weaker series.', 'beating most the f2 drivers too']",0.44999999999999996,0.5555555555555555,"['adamjoh30699659', 'patriciooward', 'mclarenf1', 'f1', 'ymcofficial', 'zbrownceo', 'washed', '22', 'ğŸ¤£', 'well', 'took', 'comparable', 'track', 'conditions', 'fp3', 'gp', 'track', 'temp', 'ambient', 'faster', 'riccardo', 'le', 'clerc', 'alonso', 'vettel', 'ocon', 'russel', 'others', 'bad', 'driver', 'weaker', 'series', 'beating', 'f2', 'drivers']"
@Zarkolius @F1_Jordan @fia @F1 Then you needn't worry. Let merc waste their precious time and resources. ğŸ¤·,"['need', ""n't"", 'worry', 'let', 'merc', 'waste', 'precious', 'time', 'resources', 'ğŸ¤·']","[""    Then you needn't worry."", 'Let merc waste their precious time and resources.', 'ğŸ¤·']",0.15,0.5,"['zarkolius', 'f1_jordan', 'fia', 'f1', 'need', ""n't"", 'worry', 'let', 'merc', 'waste', 'precious', 'time', 'resources', 'ğŸ¤·']"
@DanishSait Whaaat? You mean FIA couldnâ€™t swoop in the last moment and confer the knighthood to Verstappen? Noooooo!,"['whaaat', 'mean', 'fia', 'swoop', 'last', 'moment', 'confer', 'knighthood', 'verstappen', 'noooooo']","[' Whaaat?', 'You mean FIA couldnâ€™t swoop in the last moment and confer the knighthood to Verstappen?', 'Noooooo!']",-0.15625,0.3770833333333333,"['danishsait', 'whaaat', 'mean', 'fia', 'swoop', 'last', 'moment', 'confer', 'knighthood', 'verstappen', 'noooooo']"
@ANDIBABY8 Whatâ€™s F1?,['f1'],[' Whatâ€™s F1?'],0.0,0.0,"['andibaby8', 'f1']"
"@SmunchyMaggot @darrenpbeale @MercedesAMGF1 @F1 @fia Time to let go, youâ€™re starting to sound as salty as Horner and rest of Red Bull","['time', 'let', 'go', 'starting', 'sound', 'salty', 'horner', 'rest', 'red', 'bull']","['     Time to let go, youâ€™re starting to sound as salty as Horner and rest of Red Bull']",0.13333333333333333,0.16666666666666666,"['smunchymaggot', 'darrenpbeale', 'mercedesamgf1', 'f1', 'fia', 'time', 'let', 'go', 'starting', 'sound', 'salty', 'horner', 'rest', 'red', 'bull']"
"@SkySportsF1 The @fia could use tonights awards ceremony to start a full  and frank discussion with the #F1 community. Everyone will be there. By their own Sporting Regulations 13.8.2 they cannot award prizes if @MercedesAMGF1 appeal
@redbullracing @f1 @tiff_tv @HillF1 @MBrundleF1 @F1_Jordan","['could', 'use', 'tonights', 'awards', 'ceremony', 'start', 'full', 'frank', 'discussion', 'f1', 'community', 'everyone', 'sporting', 'regulations', '13.8.2', 'award', 'prizes', 'appeal']","[' The  could use tonights awards ceremony to start a full  and frank discussion with the #F1 community.', 'Everyone will be there.', 'By their own Sporting Regulations 13.8.2 they cannot award prizes if  appeal']",0.475,0.775,"['skysportsf1', 'fia', 'could', 'use', 'tonights', 'awards', 'ceremony', 'start', 'full', 'frank', 'discussion', 'f1', 'community', 'everyone', 'sporting', 'regulations', '13.8.2', 'award', 'prizes', 'mercedesamgf1', 'appeal', 'redbullracing', 'f1', 'tiff_tv', 'hillf1', 'mbrundlef1', 'f1_jordan']"
My Goal is to do all F1 Circuits by 2025!,"['goal', 'f1', 'circuits', '2025']",['My Goal is to do all F1 Circuits by 2025!'],0.0,0.0,"['goal', 'f1', 'circuits', '2025']"
"Beat:F1, HARASSMENT, THREATS at 23XX BLOCK OF SW WEBSTER ST reported on 12/15/2021 11:37 PM, Call# 21000330824","['beat', ':', 'f1', 'harassment', 'threats', '23xx', 'block', 'sw', 'webster', 'st', 'reported', '12/15/2021', '11:37', 'pm', 'call', '21000330824']","['Beat:F1, HARASSMENT, THREATS at 23XX BLOCK OF SW WEBSTER ST reported on 12/15/2021 11:37 PM, Call# 21000330824']",0.0,0.0,"['beat', ':', 'f1', 'harassment', 'threats', '23xx', 'block', 'sw', 'webster', 'st', 'reported', '12/15/2021', '11:37', 'pm', 'call', '21000330824']"
@F1_Jordan Letâ€™s go @MercedesAMGF1  letâ€™s show the @fia they canâ€™t treat @LewisHamilton like this anymore ğŸ’œğŸ’œ #IStandWithLewisHamilton #JusticeForLewis,"['let', 'go', 'let', 'show', 'treat', 'like', 'anymore', 'ğŸ’œğŸ’œ', 'istandwithlewishamilton', 'justiceforlewis']",[' Letâ€™s go   letâ€™s show the  they canâ€™t treat  like this anymore ğŸ’œğŸ’œ #IStandWithLewisHamilton #JusticeForLewis'],0.0,0.0,"['f1_jordan', 'let', 'go', 'mercedesamgf1', 'let', 'show', 'fia', 'treat', 'lewishamilton', 'like', 'anymore', 'ğŸ’œğŸ’œ', 'istandwithlewishamilton', 'justiceforlewis']"
@Hales_F1 he clearly did not think it was safe enough to let cars drive at full speed hence no lapped cars passing before. It arguably only restarted because of the pressure to end under green flag. There was no more time to let lapped cars through and he shouldâ€™ve accepted that,"['clearly', 'think', 'safe', 'enough', 'let', 'cars', 'drive', 'full', 'speed', 'hence', 'lapped', 'cars', 'passing', 'arguably', 'restarted', 'pressure', 'end', 'green', 'flag', 'time', 'let', 'lapped', 'cars', 'accepted']","[' he clearly did not think it was safe enough to let cars drive at full speed hence no lapped cars passing before.', 'It arguably only restarted because of the pressure to end under green flag.', 'There was no more time to let lapped cars through and he shouldâ€™ve accepted that']",0.07142857142857142,0.5333333333333333,"['hales_f1', 'clearly', 'think', 'safe', 'enough', 'let', 'cars', 'drive', 'full', 'speed', 'hence', 'lapped', 'cars', 'passing', 'arguably', 'restarted', 'pressure', 'end', 'green', 'flag', 'time', 'let', 'lapped', 'cars', 'accepted']"
@F1 @LewisHamilton @LewisHamilton Congrats,['congrats'],['   Congrats'],0.0,0.0,"['f1', 'lewishamilton', 'lewishamilton', 'congrats']"
"@SilverArrowsNet Weâ€™re all with you on this, the whole world witnessed the crime, it will be an easy decision in court, F1 inflicted damage on themselves by stealing Lewisâ€™ World Title and not reversing their mistake","['whole', 'world', 'witnessed', 'crime', 'easy', 'decision', 'court', 'f1', 'inflicted', 'damage', 'stealing', 'lewis', 'world', 'title', 'reversing', 'mistake']","[' Weâ€™re all with you on this, the whole world witnessed the crime, it will be an easy decision in court, F1 inflicted damage on themselves by stealing Lewisâ€™ World Title and not reversing their mistake']",0.31666666666666665,0.6166666666666667,"['silverarrowsnet', 'whole', 'world', 'witnessed', 'crime', 'easy', 'decision', 'court', 'f1', 'inflicted', 'damage', 'stealing', 'lewis', 'world', 'title', 'reversing', 'mistake']"
@F1 @LewisHamilton Give him his 8th wdc then you can post him,"['give', '8th', 'wdc', 'post']",['  Give him his 8th wdc then you can post him'],0.0,0.0,"['f1', 'lewishamilton', 'give', '8th', 'wdc', 'post']"
Announcement- Red Bull Racing - 2022 new driver line up - Max Verstappen - Sergio Perez/Michael Masi. The driver 2 pair will swap 5 laps from the end of each race.@MercedesAMGF1 @redbullracing #f1 #FIA @LewisHamilton,"['announcement-', 'red', 'bull', 'racing', '2022', 'new', 'driver', 'line', 'max', 'verstappen', 'sergio', 'perez/michael', 'masi', 'driver', '2', 'pair', 'swap', '5', 'laps', 'end', 'race', 'f1', 'fia']","['Announcement- Red Bull Racing - 2022 new driver line up - Max Verstappen - Sergio Perez/Michael Masi.', 'The driver 2 pair will swap 5 laps from the end of each race.', '#f1 #FIA']",0.06818181818181818,0.22727272727272727,"['announcement-', 'red', 'bull', 'racing', '2022', 'new', 'driver', 'line', 'max', 'verstappen', 'sergio', 'perez/michael', 'masi', 'driver', '2', 'pair', 'swap', '5', 'laps', 'end', 'race.mercedesamgf1', 'redbullracing', 'f1', 'fia', 'lewishamilton']"
2/2 and they were really serious about that this could be Maxâ€™s last title. In F1 we have still more and more young drivers who are hungry and they will fight. And in general they think RB will not be as fast as they were now. They said even Mclaren and Ferrari will be faster.,"['2/2', 'really', 'serious', 'could', 'max', 'last', 'title', 'f1', 'still', 'young', 'drivers', 'hungry', 'fight', 'general', 'think', 'rb', 'fast', 'said', 'even', 'mclaren', 'ferrari', 'faster']","['2/2 and they were really serious about that this could be Maxâ€™s last title.', 'In F1 we have still more and more young drivers who are hungry and they will fight.', 'And in general they think RB will not be as fast as they were now.', 'They said even Mclaren and Ferrari will be faster.']",0.14523809523809525,0.46190476190476193,"['2/2', 'really', 'serious', 'could', 'max', 'last', 'title', 'f1', 'still', 'young', 'drivers', 'hungry', 'fight', 'general', 'think', 'rb', 'fast', 'said', 'even', 'mclaren', 'ferrari', 'faster']"
Good morning. #IStandWithLewisHamilton âœŠâœŠâœŠâœŠâœŠâœŠâœŠâœŠâœŠğŸ‡¿ğŸ‡¦ğŸ‡¿ğŸ‡¦ğŸ‡¿ğŸ‡¦ğŸ‡¿ğŸ‡¦ğŸ‡¿ğŸ‡¦ğŸ‡¿ğŸ‡¦ğŸ‡¿ğŸ‡¦ğŸ‡¿ğŸ‡¦ @LewisHamilton @MercedesAMGF1 @F1Media @F1,"['good', 'morning', 'istandwithlewishamilton', 'âœŠâœŠâœŠâœŠâœŠâœŠâœŠâœŠâœŠğŸ‡¿ğŸ‡¦ğŸ‡¿ğŸ‡¦ğŸ‡¿ğŸ‡¦ğŸ‡¿ğŸ‡¦ğŸ‡¿ğŸ‡¦ğŸ‡¿ğŸ‡¦ğŸ‡¿ğŸ‡¦ğŸ‡¿ğŸ‡¦']","['Good morning.', '#IStandWithLewisHamilton âœŠâœŠâœŠâœŠâœŠâœŠâœŠâœŠâœŠğŸ‡¿ğŸ‡¦ğŸ‡¿ğŸ‡¦ğŸ‡¿ğŸ‡¦ğŸ‡¿ğŸ‡¦ğŸ‡¿ğŸ‡¦ğŸ‡¿ğŸ‡¦ğŸ‡¿ğŸ‡¦ğŸ‡¿ğŸ‡¦']",0.7,0.6000000000000001,"['good', 'morning', 'istandwithlewishamilton', 'âœŠâœŠâœŠâœŠâœŠâœŠâœŠâœŠâœŠğŸ‡¿ğŸ‡¦ğŸ‡¿ğŸ‡¦ğŸ‡¿ğŸ‡¦ğŸ‡¿ğŸ‡¦ğŸ‡¿ğŸ‡¦ğŸ‡¿ğŸ‡¦ğŸ‡¿ğŸ‡¦ğŸ‡¿ğŸ‡¦', 'lewishamilton', 'mercedesamgf1', 'f1media', 'f1']"
"@Bigashuk2 @Gagladla @Backupdevice2 @NierboL @F1MikaHakkinen @Max33Verstappen @F1 Ricciardo? Rosberg did in the same car and also Vettel did, when he had a better car. In the past 7 years there were no car even close to Mercedes. Even Bottas was second in the WC ğŸ˜€ 
It was like Schumacher in 1999-2002. The car made the difference, not the driver.","['ricciardo', 'rosberg', 'car', 'also', 'vettel', 'better', 'car', 'past', '7', 'years', 'car', 'even', 'close', 'mercedes', 'even', 'bottas', 'second', 'wc', 'ğŸ˜€', 'like', 'schumacher', '1999-2002', 'car', 'made', 'difference', 'driver']","['       Ricciardo?', 'Rosberg did in the same car and also Vettel did, when he had a better car.', 'In the past 7 years there were no car even close to Mercedes.', 'Even Bottas was second in the WC ğŸ˜€ \nIt was like Schumacher in 1999-2002.', 'The car made the difference, not the driver.']",0.0625,0.21875,"['bigashuk2', 'gagladla', 'backupdevice2', 'nierbol', 'f1mikahakkinen', 'max33verstappen', 'f1', 'ricciardo', 'rosberg', 'car', 'also', 'vettel', 'better', 'car', 'past', '7', 'years', 'car', 'even', 'close', 'mercedes', 'even', 'bottas', 'second', 'wc', 'ğŸ˜€', 'like', 'schumacher', '1999-2002', 'car', 'made', 'difference', 'driver']"
@imtheformula The F1 teacher,"['f1', 'teacher']",[' The F1 teacher'],0.0,0.0,"['imtheformula', 'f1', 'teacher']"
@Professor_Dale Lewis Hamilton won. The @fia decision. And he done it with style,"['lewis', 'hamilton', 'decision', 'done', 'style']","[' Lewis Hamilton won.', 'The  decision.', 'And he done it with style']",0.0,0.0,"['professor_dale', 'lewis', 'hamilton', 'fia', 'decision', 'done', 'style']"
"@_the44 @fia @F1 Thank you very much appreciated.  However the main instigator of this whole injustice and not for the first time was Christian Horner.   His conversation with Masi was basically telling him what to do, again not for the first time. Nobody has questioned him WHY

#IStandWithLewis","['thank', 'much', 'appreciated', 'however', 'main', 'instigator', 'whole', 'injustice', 'first', 'time', 'christian', 'horner', 'conversation', 'masi', 'basically', 'telling', 'first', 'time', 'nobody', 'questioned', 'istandwithlewis']","['   Thank you very much appreciated.', 'However the main instigator of this whole injustice and not for the first time was Christian Horner.', 'His conversation with Masi was basically telling him what to do, again not for the first time.', 'Nobody has questioned him WHY\n\n#IStandWithLewis']",0.17777777777777778,0.25,"['_the44', 'fia', 'f1', 'thank', 'much', 'appreciated', 'however', 'main', 'instigator', 'whole', 'injustice', 'first', 'time', 'christian', 'horner', 'conversation', 'masi', 'basically', 'telling', 'first', 'time', 'nobody', 'questioned', 'istandwithlewis']"
"@alexberesfordTV So so deserved, Massive congratulations Sir Lewis Hamilton â¤ï¸","['deserved', 'massive', 'congratulations', 'sir', 'lewis', 'hamilton', 'â¤ï¸']","[' So so deserved, Massive congratulations Sir Lewis Hamilton â¤ï¸']",0.0,1.0,"['alexberesfordtv', 'deserved', 'massive', 'congratulations', 'sir', 'lewis', 'hamilton', 'â¤ï¸']"
@firstorlastbaby @Flashakis @F1 @LewisHamilton Yes and especially after LH race engineer asked him â€œ checking what tyre you would like to change to in the event of a safety car ?â€ â€¦.. so yes they were definitely conned and didnâ€™t know they could change tyres !!!ğŸ˜‚ğŸ˜‚ğŸ˜‚,"['yes', 'especially', 'lh', 'race', 'engineer', 'asked', 'checking', 'tyre', 'would', 'like', 'change', 'event', 'safety', 'car', 'â€¦', '..', 'yes', 'definitely', 'conned', 'know', 'could', 'change', 'tyres', 'ğŸ˜‚ğŸ˜‚ğŸ˜‚']","['    Yes and especially after LH race engineer asked him â€œ checking what tyre you would like to change to in the event of a safety car ?â€ â€¦.. so yes they were definitely conned and didnâ€™t know they could change tyres !!', '!ğŸ˜‚ğŸ˜‚ğŸ˜‚']",0.0,0.75,"['firstorlastbaby', 'flashakis', 'f1', 'lewishamilton', 'yes', 'especially', 'lh', 'race', 'engineer', 'asked', 'checking', 'tyre', 'would', 'like', 'change', 'event', 'safety', 'car', 'â€¦', '..', 'yes', 'definitely', 'conned', 'know', 'could', 'change', 'tyres', 'ğŸ˜‚ğŸ˜‚ğŸ˜‚']"
@rasmusguldager what about lewis hamilton,"['lewis', 'hamilton']",[' what about lewis hamilton'],0.0,0.0,"['rasmusguldager', 'lewis', 'hamilton']"
@786ark @RobLMyers @gwkj1 @MercedesAMGF1 Hamilton would have won if the 5 cars were left between himself and Verstappen. Hamilton would also have won if all cars were required to unlap before the safety car went in. It's not the safety car itself but the ad-hoc approach to how we restarted.,"['hamilton', 'would', '5', 'cars', 'left', 'verstappen', 'hamilton', 'would', 'also', 'cars', 'required', 'unlap', 'safety', 'car', 'went', 'safety', 'car', 'ad-hoc', 'approach', 'restarted']","['    Hamilton would have won if the 5 cars were left between himself and Verstappen.', 'Hamilton would also have won if all cars were required to unlap before the safety car went in.', ""It's not the safety car itself but the ad-hoc approach to how we restarted.""]",0.0,0.0,"['786ark', 'roblmyers', 'gwkj1', 'mercedesamgf1', 'hamilton', 'would', '5', 'cars', 'left', 'verstappen', 'hamilton', 'would', 'also', 'cars', 'required', 'unlap', 'safety', 'car', 'went', 'safety', 'car', 'ad-hoc', 'approach', 'restarted']"
@MUnitedGirl @F1 @fia Whoever designed that morning coat for Lewis is a genius. The off centre two buttons and the two fish eye lapels are just beautiful. He does wear it well.,"['whoever', 'designed', 'morning', 'coat', 'lewis', 'genius', 'centre', 'two', 'buttons', 'two', 'fish', 'eye', 'lapels', 'beautiful', 'wear', 'well']","['   Whoever designed that morning coat for Lewis is a genius.', 'The off centre two buttons and the two fish eye lapels are just beautiful.', 'He does wear it well.']",0.85,1.0,"['munitedgirl', 'f1', 'fia', 'whoever', 'designed', 'morning', 'coat', 'lewis', 'genius', 'centre', 'two', 'buttons', 'two', 'fish', 'eye', 'lapels', 'beautiful', 'wear', 'well']"
"@Andrew_Hezekiah @ant_iuculano @Undisputed67 @pqtdc @F1 @redbullracing Verstappen outraced Hamilton in Imola, Had a racing incident at Monza, Outqualified Hamilton at Spa, did hard racing at Brazil, and got rear ended by Hamilton in Jeddah.","['verstappen', 'outraced', 'hamilton', 'imola', 'racing', 'incident', 'monza', 'outqualified', 'hamilton', 'spa', 'hard', 'racing', 'brazil', 'got', 'rear', 'ended', 'hamilton', 'jeddah']","['      Verstappen outraced Hamilton in Imola, Had a racing incident at Monza, Outqualified Hamilton at Spa, did hard racing at Brazil, and got rear ended by Hamilton in Jeddah.']",-0.2916666666666667,0.5416666666666666,"['andrew_hezekiah', 'ant_iuculano', 'undisputed67', 'pqtdc', 'f1', 'redbullracing', 'verstappen', 'outraced', 'hamilton', 'imola', 'racing', 'incident', 'monza', 'outqualified', 'hamilton', 'spa', 'hard', 'racing', 'brazil', 'got', 'rear', 'ended', 'hamilton', 'jeddah']"
"Omo!!!! 

The amount of bile thrown at Sir Lewis Hamilton in the last few days make me cringe. 

Black people at the top need extra grace.","['omo', 'amount', 'bile', 'thrown', 'sir', 'lewis', 'hamilton', 'last', 'days', 'make', 'cringe', 'black', 'people', 'top', 'need', 'extra', 'grace']","['Omo!!!!', 'The amount of bile thrown at Sir Lewis Hamilton in the last few days make me cringe.', 'Black people at the top need extra grace.']",0.02666666666666666,0.24000000000000005,"['omo', 'amount', 'bile', 'thrown', 'sir', 'lewis', 'hamilton', 'last', 'days', 'make', 'cringe', 'black', 'people', 'top', 'need', 'extra', 'grace']"
@F1 @Max33Verstappen These cunts are probably going to also decide after soo many years that lewisâ€™s mum isnâ€™t his and sheâ€™s verstappenâ€™s.,"['cunts', 'probably', 'going', 'also', 'decide', 'soo', 'many', 'years', 'lewis', 'mum', 'verstappen']",['  These cunts are probably going to also decide after soo many years that lewisâ€™s mum isnâ€™t his and sheâ€™s verstappenâ€™s.'],0.5,0.5,"['f1', 'max33verstappen', 'cunts', 'probably', 'going', 'also', 'decide', 'soo', 'many', 'years', 'lewis', 'mum', 'verstappen']"
"@lindsay_maughan I used to like you until that dig at the end. But you are right, f1 is certainly more exciting than golf, except when Iâ€™m playing it. Then itâ€™s a total thrill-fest. ğŸ§","['used', 'like', 'dig', 'end', 'right', 'f1', 'certainly', 'exciting', 'golf', 'except', 'playing', 'total', 'thrill-fest', '\U0001f9d0']","[' I used to like you until that dig at the end.', 'But you are right, f1 is certainly more exciting than golf, except when Iâ€™m playing it.', 'Then itâ€™s a total thrill-fest.', '\U0001f9d0']",0.2714285714285714,0.6464285714285714,"['lindsay_maughan', 'used', 'like', 'dig', 'end', 'right', 'f1', 'certainly', 'exciting', 'golf', 'except', 'playing', 'total', 'thrill-fest', '\U0001f9d0']"
"@simonadams18 @MercedesAMGF1 @LewisHamilton F1 has been a product first &amp; a sport second since Schumacher effectively stole one of his titles ramming Hill out of the last race of the season. In a formula run in the spirit of motorsport, he would have been disqualified IMHO.","['f1', 'product', 'first', '&', 'amp', ';', 'sport', 'second', 'since', 'schumacher', 'effectively', 'stole', 'one', 'titles', 'ramming', 'hill', 'last', 'race', 'season', 'formula', 'run', 'spirit', 'motorsport', 'would', 'disqualified', 'imho']","['   F1 has been a product first &amp; a sport second since Schumacher effectively stole one of his titles ramming Hill out of the last race of the season.', 'In a formula run in the spirit of motorsport, he would have been disqualified IMHO.']",0.2125,0.3,"['simonadams18', 'mercedesamgf1', 'lewishamilton', 'f1', 'product', 'first', '&', 'amp', ';', 'sport', 'second', 'since', 'schumacher', 'effectively', 'stole', 'one', 'titles', 'ramming', 'hill', 'last', 'race', 'season', 'formula', 'run', 'spirit', 'motorsport', 'would', 'disqualified', 'imho']"
"@pukabowers Yeah , the outcome of a daft race doesn't interest me. I never mentioned lewis Hamilton. And yes, of course you're standing with poor kids and not really Mr Rashford. However 'hungry kids' have tried to shame the Tories for decades and MR does it regularly.","['yeah', 'outcome', 'daft', 'race', ""n't"", 'interest', 'never', 'mentioned', 'lewis', 'hamilton', 'yes', 'course', ""'re"", 'standing', 'poor', 'kids', 'really', 'mr', 'rashford', 'however', ""'hungry"", 'kids', 'tried', 'shame', 'tories', 'decades', 'mr', 'regularly']","["" Yeah , the outcome of a daft race doesn't interest me."", 'I never mentioned lewis Hamilton.', ""And yes, of course you're standing with poor kids and not really Mr Rashford."", ""However 'hungry kids' have tried to shame the Tories for decades and MR does it regularly.""]",-0.16666666666666666,0.2923076923076923,"['pukabowers', 'yeah', 'outcome', 'daft', 'race', ""n't"", 'interest', 'never', 'mentioned', 'lewis', 'hamilton', 'yes', 'course', ""'re"", 'standing', 'poor', 'kids', 'really', 'mr', 'rashford', 'however', ""'hungry"", 'kids', 'tried', 'shame', 'tories', 'decades', 'mr', 'regularly']"
@richardaucock @F1 @LewisHamilton *7... Is your last name based on James May?,"['*', '7', '...', 'last', 'name', 'based', 'james', 'may']",['   *7... Is your last name based on James May?'],0.0,0.06666666666666667,"['richardaucock', 'f1', 'lewishamilton', '*', '7', '...', 'last', 'name', 'based', 'james', 'may']"
@Hales_F1 I understand the safety car advantage part fully. Im saying that at 57/58 when the decision came down to basically choosing who would win then thereâ€™s no reason you should choose Verstappen instead of Hamilton based on the race we saw.,"['understand', 'safety', 'car', 'advantage', 'part', 'fully', 'im', 'saying', '57/58', 'decision', 'came', 'basically', 'choosing', 'would', 'win', 'reason', 'choose', 'verstappen', 'instead', 'hamilton', 'based', 'race', 'saw']","[' I understand the safety car advantage part fully.', 'Im saying that at 57/58 when the decision came down to basically choosing who would win then thereâ€™s no reason you should choose Verstappen instead of Hamilton based on the race we saw.']",0.32222222222222224,0.34444444444444444,"['hales_f1', 'understand', 'safety', 'car', 'advantage', 'part', 'fully', 'im', 'saying', '57/58', 'decision', 'came', 'basically', 'choosing', 'would', 'win', 'reason', 'choose', 'verstappen', 'instead', 'hamilton', 'based', 'race', 'saw']"
@li_roy_c Yeah I havenâ€™t quite gotten the hang of that. I hear that a lot. You been following F1 for how long now?,"['yeah', 'quite', 'gotten', 'hang', 'hear', 'lot', 'following', 'f1', 'long']","[' Yeah I havenâ€™t quite gotten the hang of that.', 'I hear that a lot.', 'You been following F1 for how long now?']",-0.025,0.25,"['li_roy_c', 'yeah', 'quite', 'gotten', 'hang', 'hear', 'lot', 'following', 'f1', 'long']"
@RyanLancaster67 @BBCRosAtkins If you'd actually understand f1 and watch the practice sessions and telemetry you'd know that 40 laps old hard tyres vs relatively brand new softs on lighter fuel loads is actually over 4 seconds a lap quicker. Get back to watching netflix,"[""'d"", 'actually', 'understand', 'f1', 'watch', 'practice', 'sessions', 'telemetry', ""'d"", 'know', '40', 'laps', 'old', 'hard', 'tyres', 'vs', 'relatively', 'brand', 'new', 'softs', 'lighter', 'fuel', 'loads', 'actually', '4', 'seconds', 'lap', 'quicker', 'get', 'back', 'watching', 'netflix']","[""  If you'd actually understand f1 and watch the practice sessions and telemetry you'd know that 40 laps old hard tyres vs relatively brand new softs on lighter fuel loads is actually over 4 seconds a lap quicker."", 'Get back to watching netflix']",-0.007900432900432904,0.19945887445887447,"['ryanlancaster67', 'bbcrosatkins', ""'d"", 'actually', 'understand', 'f1', 'watch', 'practice', 'sessions', 'telemetry', ""'d"", 'know', '40', 'laps', 'old', 'hard', 'tyres', 'vs', 'relatively', 'brand', 'new', 'softs', 'lighter', 'fuel', 'loads', 'actually', '4', 'seconds', 'lap', 'quicker', 'get', 'back', 'watching', 'netflix']"
#MasiOUT The FIA are expected to announce today the sacking of race director Michael Masi as they attempt to prove that there wonâ€™t be any bias in next yearâ€™s show. He will be replaced by ex-F1 driver Jos Verstappen. #F1xed @fia @redbullracing,"['masiout', 'fia', 'expected', 'announce', 'today', 'sacking', 'race', 'director', 'michael', 'masi', 'attempt', 'prove', 'bias', 'next', 'year', 'show', 'replaced', 'ex-f1', 'driver', 'jos', 'verstappen', 'f1xed']","['#MasiOUT The FIA are expected to announce today the sacking of race director Michael Masi as they attempt to prove that there wonâ€™t be any bias in next yearâ€™s show.', 'He will be replaced by ex-F1 driver Jos Verstappen.', '#F1xed']",-0.05,0.2,"['masiout', 'fia', 'expected', 'announce', 'today', 'sacking', 'race', 'director', 'michael', 'masi', 'attempt', 'prove', 'bias', 'next', 'year', 'show', 'replaced', 'ex-f1', 'driver', 'jos', 'verstappen', 'f1xed', 'fia', 'redbullracing']"
@trudylewington @WendyHough16 @jenros2 @F1 @fia @MercedesAMGF1 @LewisHamilton Yes without a doubt. You only need to go back and look at some of his comments â€˜adolf hitler is man who got thinks doneâ€™ â€˜itâ€™s not my fault Iâ€™m whiteâ€™ and lots lots more.,"['yes', 'without', 'doubt', 'need', 'go', 'back', 'look', 'comments', 'â€˜', 'adolf', 'hitler', 'man', 'got', 'thinks', 'done', 'â€˜', 'fault', 'white', 'lots', 'lots']","['       Yes without a doubt.', 'You only need to go back and look at some of his comments â€˜adolf hitler is man who got thinks doneâ€™ â€˜itâ€™s not my fault Iâ€™m whiteâ€™ and lots lots more.']",0.125,0.375,"['trudylewington', 'wendyhough16', 'jenros2', 'f1', 'fia', 'mercedesamgf1', 'lewishamilton', 'yes', 'without', 'doubt', 'need', 'go', 'back', 'look', 'comments', 'â€˜', 'adolf', 'hitler', 'man', 'got', 'thinks', 'done', 'â€˜', 'fault', 'white', 'lots', 'lots']"
"@lxwisnorris @F1 It's the same reason they won't do anything about the title or sacking masi, they don't want to be proven wrong because they know they fucked up","['reason', 'wo', ""n't"", 'anything', 'title', 'sacking', 'masi', ""n't"", 'want', 'proven', 'wrong', 'know', 'fucked']","[""  It's the same reason they won't do anything about the title or sacking masi, they don't want to be proven wrong because they know they fucked up""]",-0.3666666666666667,0.575,"['lxwisnorris', 'f1', 'reason', 'wo', ""n't"", 'anything', 'title', 'sacking', 'masi', ""n't"", 'want', 'proven', 'wrong', 'know', 'fucked']"
"@wtf1official Max did miracle, no other pilot in F1 would be able to defeat Mercedes with red bull in the hybrid era.   
Of course Mercedes was faster, but red bull used their advantage as much as they could.","['max', 'miracle', 'pilot', 'f1', 'would', 'able', 'defeat', 'mercedes', 'red', 'bull', 'hybrid', 'era', 'course', 'mercedes', 'faster', 'red', 'bull', 'used', 'advantage', 'much', 'could']","[' Max did miracle, no other pilot in F1 would be able to defeat Mercedes with red bull in the hybrid era.', 'Of course Mercedes was faster, but red bull used their advantage as much as they could.']",0.1525,0.24,"['wtf1official', 'max', 'miracle', 'pilot', 'f1', 'would', 'able', 'defeat', 'mercedes', 'red', 'bull', 'hybrid', 'era', 'course', 'mercedes', 'faster', 'red', 'bull', 'used', 'advantage', 'much', 'could']"
"@Peter_Streck @_kristina_fit @HillF1 Fact is that the Race Director changed how he would react AFTER both teams committed to a strategy they could not change.

The MB strategy was spot on until Christian Hotner lobbied Michael Masi and he changed his mind.","['fact', 'race', 'director', 'changed', 'would', 'react', 'teams', 'committed', 'strategy', 'could', 'change', 'mb', 'strategy', 'spot', 'christian', 'hotner', 'lobbied', 'michael', 'masi', 'changed', 'mind']","['   Fact is that the Race Director changed how he would react AFTER both teams committed to a strategy they could not change.', 'The MB strategy was spot on until Christian Hotner lobbied Michael Masi and he changed his mind.']",0.0,0.0,"['peter_streck', '_kristina_fit', 'hillf1', 'fact', 'race', 'director', 'changed', 'would', 'react', 'teams', 'committed', 'strategy', 'could', 'change', 'mb', 'strategy', 'spot', 'christian', 'hotner', 'lobbied', 'michael', 'masi', 'changed', 'mind']"
"@comeatanewtime @Scarch97 @SofianAissaoui @LewisHamilton @CanalplusF1 @fia @F1 @TeamHamiltonFR @PET_Motorsports It wasnâ€™t boring for me, Mercedes were clever enough to build a decent car and gave the best driver, they won through fair play, it was up to the other teams to catch up. A driver shouldnâ€™t be gifted the win just for entertainment value","['boring', 'mercedes', 'clever', 'enough', 'build', 'decent', 'car', 'gave', 'best', 'driver', 'fair', 'play', 'teams', 'catch', 'driver', 'gifted', 'win', 'entertainment', 'value']","['         It wasnâ€™t boring for me, Mercedes were clever enough to build a decent car and gave the best driver, they won through fair play, it was up to the other teams to catch up.', 'A driver shouldnâ€™t be gifted the win just for entertainment value']",0.24537037037037035,0.663888888888889,"['comeatanewtime', 'scarch97', 'sofianaissaoui', 'lewishamilton', 'canalplusf1', 'fia', 'f1', 'teamhamiltonfr', 'pet_motorsports', 'boring', 'mercedes', 'clever', 'enough', 'build', 'decent', 'car', 'gave', 'best', 'driver', 'fair', 'play', 'teams', 'catch', 'driver', 'gifted', 'win', 'entertainment', 'value']"
"@falconpunch4444 @Jacck03 @SkySportsF1 I think MB need to make clear theyâ€™re appealing not to change the result but to get clarity about the role of the RD in relation to the rule book. Too many inconsistent decisions this season, this is about the integrity of F1.","['think', 'mb', 'need', 'make', 'clear', 'appealing', 'change', 'result', 'get', 'clarity', 'role', 'rd', 'relation', 'rule', 'book', 'many', 'inconsistent', 'decisions', 'season', 'integrity', 'f1']","['   I think MB need to make clear theyâ€™re appealing not to change the result but to get clarity about the role of the RD in relation to the rule book.', 'Too many inconsistent decisions this season, this is about the integrity of F1.']",0.3666666666666667,0.4611111111111111,"['falconpunch4444', 'jacck03', 'skysportsf1', 'think', 'mb', 'need', 'make', 'clear', 'appealing', 'change', 'result', 'get', 'clarity', 'role', 'rd', 'relation', 'rule', 'book', 'many', 'inconsistent', 'decisions', 'season', 'integrity', 'f1']"
"Watch all the people who unsubscribed F1 TV during the break because of ""the robbed championship"" come back quietly in March on F1 TV ğŸ˜‚","['watch', 'people', 'unsubscribed', 'f1', 'tv', 'break', '``', 'robbed', 'championship', ""''"", 'come', 'back', 'quietly', 'march', 'f1', 'tv', 'ğŸ˜‚']","['Watch all the people who unsubscribed F1 TV during the break because of ""the robbed championship"" come back quietly in March on F1 TV ğŸ˜‚']",0.0,0.16666666666666666,"['watch', 'people', 'unsubscribed', 'f1', 'tv', 'break', '``', 'robbed', 'championship', ""''"", 'come', 'back', 'quietly', 'march', 'f1', 'tv', 'ğŸ˜‚']"
@LDfragrances @F1 @LewisHamilton Tissues for everyone ğŸ¤¡,"['tissues', 'everyone', 'ğŸ¤¡']",['   Tissues for everyone ğŸ¤¡'],0.0,0.0,"['ldfragrances', 'f1', 'lewishamilton', 'tissues', 'everyone', 'ğŸ¤¡']"
so much happened lewis hamilton badly accelerated out of the corner,"['much', 'happened', 'lewis', 'hamilton', 'badly', 'accelerated', 'corner']",['so much happened lewis hamilton badly accelerated out of the corner'],-0.24999999999999992,0.43333333333333335,"['much', 'happened', 'lewis', 'hamilton', 'badly', 'accelerated', 'corner']"
"@langers1975YNWA @Anthony_Bulmer @SkySportsNews Also gets paid more but not necessarily EARNS more than anyone else in this country?
Gets millions just for having multiple company logos on his driving kit?
F1 is not just about the drivers. It's the wealthiest team manufacturer of car and tyres etc.","['also', 'gets', 'paid', 'necessarily', 'earns', 'anyone', 'else', 'country', 'gets', 'millions', 'multiple', 'company', 'logos', 'driving', 'kit', 'f1', 'drivers', 'wealthiest', 'team', 'manufacturer', 'car', 'tyres', 'etc']","['   Also gets paid more but not necessarily EARNS more than anyone else in this country?', 'Gets millions just for having multiple company logos on his driving kit?', 'F1 is not just about the drivers.', ""It's the wealthiest team manufacturer of car and tyres etc.""]",0.25,0.5,"['langers1975ynwa', 'anthony_bulmer', 'skysportsnews', 'also', 'gets', 'paid', 'necessarily', 'earns', 'anyone', 'else', 'country', 'gets', 'millions', 'multiple', 'company', 'logos', 'driving', 'kit', 'f1', 'drivers', 'wealthiest', 'team', 'manufacturer', 'car', 'tyres', 'etc']"
@F1 @LewisHamilton Proud mumma and well done Lewis xx,"['proud', 'mumma', 'well', 'done', 'lewis', 'xx']",['  Proud mumma and well done Lewis xx'],0.8,1.0,"['f1', 'lewishamilton', 'proud', 'mumma', 'well', 'done', 'lewis', 'xx']"
@Thando_Fosgate @JacobtheVega @frontwings @F1_Jordan @fia @F1 Who said he hasnâ€™t experienced racism? Nobody said that.,"['said', 'experienced', 'racism', 'nobody', 'said']","['      Who said he hasnâ€™t experienced racism?', 'Nobody said that.']",0.8,0.9,"['thando_fosgate', 'jacobthevega', 'frontwings', 'f1_jordan', 'fia', 'f1', 'said', 'experienced', 'racism', 'nobody', 'said']"
"@FiddyInParis @DustyPee On the bus run into Sydney CBD years ago, we had a Tongan lady that would drive the bus like an F1 car, she always did the run about 10 minutes quicker than anyone else","['bus', 'run', 'sydney', 'cbd', 'years', 'ago', 'tongan', 'lady', 'would', 'drive', 'bus', 'like', 'f1', 'car', 'always', 'run', '10', 'minutes', 'quicker', 'anyone', 'else']","['  On the bus run into Sydney CBD years ago, we had a Tongan lady that would drive the bus like an F1 car, she always did the run about 10 minutes quicker than anyone else']",0.0,0.0,"['fiddyinparis', 'dustypee', 'bus', 'run', 'sydney', 'cbd', 'years', 'ago', 'tongan', 'lady', 'would', 'drive', 'bus', 'like', 'f1', 'car', 'always', 'run', '10', 'minutes', 'quicker', 'anyone', 'else']"
"@formulasamson The 2021 F1 calendar had 23 races, not 1.","['2021', 'f1', 'calendar', '23', 'races', '1']","[' The 2021 F1 calendar had 23 races, not 1.']",0.0,0.0,"['formulasamson', '2021', 'f1', 'calendar', '23', 'races', '1']"
@SirLewisUpdates Congratulations Sir Lewis Hamilton. Still you rise.,"['congratulations', 'sir', 'lewis', 'hamilton', 'still', 'rise']","[' Congratulations Sir Lewis Hamilton.', 'Still you rise.']",0.0,0.0,"['sirlewisupdates', 'congratulations', 'sir', 'lewis', 'hamilton', 'still', 'rise']"
"@BradleyPhilpot @fia Mercedes must go all the way because they love F1.  F1 has been damaged on Sunday and putting things as they should, it's justice.","['mercedes', 'must', 'go', 'way', 'love', 'f1', 'f1', 'damaged', 'sunday', 'putting', 'things', 'justice']","['  Mercedes must go all the way because they love F1.', ""F1 has been damaged on Sunday and putting things as they should, it's justice.""]",0.5,0.6,"['bradleyphilpot', 'fia', 'mercedes', 'must', 'go', 'way', 'love', 'f1', 'f1', 'damaged', 'sunday', 'putting', 'things', 'justice']"
@AlexHamIsBack @thedeadboxshow @calvinzola2 @SofianAissaoui @LewisHamilton @CanalplusF1 @fia @F1 @TeamHamiltonFR @PET_Motorsports You coming full guns blazing but are to stupid to realise I don't disagree with Max being Champion...,"['coming', 'full', 'guns', 'blazing', 'stupid', 'realise', ""n't"", 'disagree', 'max', 'champion', '...']","[""          You coming full guns blazing but are to stupid to realise I don't disagree with Max being Champion...""]",-0.22499999999999998,0.775,"['alexhamisback', 'thedeadboxshow', 'calvinzola2', 'sofianaissaoui', 'lewishamilton', 'canalplusf1', 'fia', 'f1', 'teamhamiltonfr', 'pet_motorsports', 'coming', 'full', 'guns', 'blazing', 'stupid', 'realise', ""n't"", 'disagree', 'max', 'champion', '...']"
@acier_jean @FastNLoud44 I think it would be fair to say that the teams and fans understand the rules better than the FIA and race director!!! @fia @F1,"['think', 'would', 'fair', 'say', 'teams', 'fans', 'understand', 'rules', 'better', 'fia', 'race', 'director']","['  I think it would be fair to say that the teams and fans understand the rules better than the FIA and race director!!', '!']",0.83828125,0.7,"['acier_jean', 'fastnloud44', 'think', 'would', 'fair', 'say', 'teams', 'fans', 'understand', 'rules', 'better', 'fia', 'race', 'director', 'fia', 'f1']"
"@MagpieMoody @HugoLaufferbach @SkySportsF1 @Max33Verstappen @redbullracing @F1 Thanks. Next year, with regulation changes and Russell joining Mercedes, the Stuttgart team might be the team to beat once again, so I think it was the perfect timing for Verstappen to win it now.","['thanks', 'next', 'year', 'regulation', 'changes', 'russell', 'joining', 'mercedes', 'stuttgart', 'team', 'might', 'team', 'beat', 'think', 'perfect', 'timing', 'verstappen', 'win']","['      Thanks.', 'Next year, with regulation changes and Russell joining Mercedes, the Stuttgart team might be the team to beat once again, so I think it was the perfect timing for Verstappen to win it now.']",0.5,0.4,"['magpiemoody', 'hugolaufferbach', 'skysportsf1', 'max33verstappen', 'redbullracing', 'f1', 'thanks', 'next', 'year', 'regulation', 'changes', 'russell', 'joining', 'mercedes', 'stuttgart', 'team', 'might', 'team', 'beat', 'think', 'perfect', 'timing', 'verstappen', 'win']"
"@F1_Jordan Please trend this #F1died 2021 !!
Let's get them!! We don't give up, let's Go, Keep Pushing everyone!!","['please', 'trend', 'f1died', '2021', 'let', 'get', ""n't"", 'give', 'let', 'go', 'keep', 'pushing', 'everyone']","[' Please trend this #F1died 2021 !!', ""Let's get them!!"", ""We don't give up, let's Go, Keep Pushing everyone!"", '!']",0.0,0.0,"['f1_jordan', 'please', 'trend', 'f1died', '2021', 'let', 'get', ""n't"", 'give', 'let', 'go', 'keep', 'pushing', 'everyone']"
@hewentatthat â€¦.and the racists come crawling out from under their stones yet again! Lewis Hamilton is the best F1 driver there has ever been and on every podium he proudly flies the flag for BRITAIN. If he was white you would all be breaking your backs to kiss his feet ğŸ˜¡ğŸ˜¡ğŸ˜¡,"['â€¦.and', 'racists', 'come', 'crawling', 'stones', 'yet', 'lewis', 'hamilton', 'best', 'f1', 'driver', 'ever', 'every', 'podium', 'proudly', 'flies', 'flag', 'britain', 'white', 'would', 'breaking', 'backs', 'kiss', 'feet', 'ğŸ˜¡ğŸ˜¡ğŸ˜¡']","[' â€¦.and the racists come crawling out from under their stones yet again!', 'Lewis Hamilton is the best F1 driver there has ever been and on every podium he proudly flies the flag for BRITAIN.', 'If he was white you would all be breaking your backs to kiss his feet ğŸ˜¡ğŸ˜¡ğŸ˜¡']",0.6,0.43333333333333335,"['hewentatthat', 'â€¦.and', 'racists', 'come', 'crawling', 'stones', 'yet', 'lewis', 'hamilton', 'best', 'f1', 'driver', 'ever', 'every', 'podium', 'proudly', 'flies', 'flag', 'britain', 'white', 'would', 'breaking', 'backs', 'kiss', 'feet', 'ğŸ˜¡ğŸ˜¡ğŸ˜¡']"
@emmac_929 @autosport @F1 @fia @MercedesAMGF1 Pls safety car in before the track was clear. #F1xed  #JusticeForLewis #IStandWithLewisHamilton,"['pls', 'safety', 'car', 'track', 'clear', 'f1xed', 'justiceforlewis', 'istandwithlewishamilton']","['     Pls safety car in before the track was clear.', '#F1xed  #JusticeForLewis #IStandWithLewisHamilton']",0.10000000000000002,0.3833333333333333,"['emmac_929', 'autosport', 'f1', 'fia', 'mercedesamgf1', 'pls', 'safety', 'car', 'track', 'clear', 'f1xed', 'justiceforlewis', 'istandwithlewishamilton']"
@lunga_ngwenya @Deregtz @little_things_o @miru_lh44 @Max33Verstappen After 3 crashes on Max's side. Still I love Hamilton but Verstappen was just better,"['3', 'crashes', 'max', 'side', 'still', 'love', 'hamilton', 'verstappen', 'better']","[""     After 3 crashes on Max's side."", 'Still I love Hamilton but Verstappen was just better']",0.5,0.55,"['lunga_ngwenya', 'deregtz', 'little_things_o', 'miru_lh44', 'max33verstappen', '3', 'crashes', 'max', 'side', 'still', 'love', 'hamilton', 'verstappen', 'better']"
@DominicFarrell Hypocrisy sinks inside Lewis Hamilton.,"['hypocrisy', 'sinks', 'inside', 'lewis', 'hamilton']",[' Hypocrisy sinks inside Lewis Hamilton.'],-0.1,0.0,"['dominicfarrell', 'hypocrisy', 'sinks', 'inside', 'lewis', 'hamilton']"
"@F1_Jordan Please trend this #F1died 2021 !!
Let's get them!! We don't give up, let's Go, Keep Pushing everyone!!","['please', 'trend', 'f1died', '2021', 'let', 'get', ""n't"", 'give', 'let', 'go', 'keep', 'pushing', 'everyone']","[' Please trend this #F1died 2021 !!', ""Let's get them!!"", ""We don't give up, let's Go, Keep Pushing everyone!"", '!']",0.0,0.0,"['f1_jordan', 'please', 'trend', 'f1died', '2021', 'let', 'get', ""n't"", 'give', 'let', 'go', 'keep', 'pushing', 'everyone']"
@sztmrirk @fia @F1 Cry cry cry,"['cry', 'cry', 'cry']",['   Cry cry cry'],0.0,0.0,"['sztmrirk', 'fia', 'f1', 'cry', 'cry', 'cry']"
"@fia No formal e vars , no f1 cars. Great effort f1a just when  they couldn't shoot themselves on the foot any worse.","['formal', 'e', 'vars', 'f1', 'cars', 'great', 'effort', 'f1a', 'could', ""n't"", 'shoot', 'foot', 'worse']","[' No formal e vars , no f1 cars.', ""Great effort f1a just when  they couldn't shoot themselves on the foot any worse.""]",0.2,0.675,"['fia', 'formal', 'e', 'vars', 'f1', 'cars', 'great', 'effort', 'f1a', 'could', ""n't"", 'shoot', 'foot', 'worse']"
@lurking_iam @boxingkie @Trusana_nkosana @ESPNUK No one is saying that Lewis is not the best of F1 era.. But both Hamilton and Max needed their teammates and their whole teams to be competitive enough to challenge each other. So saying that any of them won without an army assisting them is unfair and ungrateful to their teams,"['one', 'saying', 'lewis', 'best', 'f1', 'era', '..', 'hamilton', 'max', 'needed', 'teammates', 'whole', 'teams', 'competitive', 'enough', 'challenge', 'saying', 'without', 'army', 'assisting', 'unfair', 'ungrateful', 'teams']","['    No one is saying that Lewis is not the best of F1 era..', 'But both Hamilton and Max needed their teammates and their whole teams to be competitive enough to challenge each other.', 'So saying that any of them won without an army assisting them is unfair and ungrateful to their teams']",0.11499999999999999,0.515,"['lurking_iam', 'boxingkie', 'trusana_nkosana', 'espnuk', 'one', 'saying', 'lewis', 'best', 'f1', 'era', '..', 'hamilton', 'max', 'needed', 'teammates', 'whole', 'teams', 'competitive', 'enough', 'challenge', 'saying', 'without', 'army', 'assisting', 'unfair', 'ungrateful', 'teams']"
"Arise, Sir Lewis Hamilton! â­

The seven-time #F1 world champion has been honoured for his services to the sport ğŸï¸ ğŸ

Read more â¬‡ï¸

#bbcf1","['arise', 'sir', 'lewis', 'hamilton', 'â­', 'seven-time', 'f1', 'world', 'champion', 'honoured', 'services', 'sport', 'ğŸï¸', 'ğŸ', 'read', 'â¬‡ï¸', 'bbcf1']","['Arise, Sir Lewis Hamilton!', 'â­\n\nThe seven-time #F1 world champion has been honoured for his services to the sport ğŸï¸ ğŸ\n\nRead more â¬‡ï¸\n\n#bbcf1']",0.5,0.5,"['arise', 'sir', 'lewis', 'hamilton', 'â­', 'seven-time', 'f1', 'world', 'champion', 'honoured', 'services', 'sport', 'ğŸï¸', 'ğŸ', 'read', 'â¬‡ï¸', 'bbcf1']"
@F1_Jordan I've got a feeling with how quiet they have been @MercedesAMGF1 are going to announce they are pulling out of F1 after next season,"[""'ve"", 'got', 'feeling', 'quiet', 'going', 'announce', 'pulling', 'f1', 'next', 'season']","["" I've got a feeling with how quiet they have been  are going to announce they are pulling out of F1 after next season""]",0.0,0.16666666666666666,"['f1_jordan', ""'ve"", 'got', 'feeling', 'quiet', 'mercedesamgf1', 'going', 'announce', 'pulling', 'f1', 'next', 'season']"
@NapeN If MB are not in the whole mess which is F1 please take decision to court. it was the worst sporting cheat ever. Worse than hand of god. Those who allowed this to happen  and all the wokey TV pundits and commentators need to go. Not doing so make you and MB look part of it all,"['mb', 'whole', 'mess', 'f1', 'please', 'take', 'decision', 'court', 'worst', 'sporting', 'cheat', 'ever', 'worse', 'hand', 'god', 'allowed', 'happen', 'wokey', 'tv', 'pundits', 'commentators', 'need', 'go', 'make', 'mb', 'look', 'part']","[' If MB are not in the whole mess which is F1 please take decision to court.', 'it was the worst sporting cheat ever.', 'Worse than hand of god.', 'Those who allowed this to happen  and all the wokey TV pundits and commentators need to go.', 'Not doing so make you and MB look part of it all']",-0.34375,0.54375,"['napen', 'mb', 'whole', 'mess', 'f1', 'please', 'take', 'decision', 'court', 'worst', 'sporting', 'cheat', 'ever', 'worse', 'hand', 'god', 'allowed', 'happen', 'wokey', 'tv', 'pundits', 'commentators', 'need', 'go', 'make', 'mb', 'look', 'part']"
"@_the44 @F1_Jordan Please trend this #F1died 2021 !!
Let's get them!! We don't give up, let's Go, Keep Pushing everyone!!","['please', 'trend', 'f1died', '2021', 'let', 'get', ""n't"", 'give', 'let', 'go', 'keep', 'pushing', 'everyone']","['  Please trend this #F1died 2021 !!', ""Let's get them!!"", ""We don't give up, let's Go, Keep Pushing everyone!"", '!']",0.0,0.0,"['_the44', 'f1_jordan', 'please', 'trend', 'f1died', '2021', 'let', 'get', ""n't"", 'give', 'let', 'go', 'keep', 'pushing', 'everyone']"
"@theonemikem @JacobtheVega @frontwings @F1_Jordan @fia @F1 If this was some racist conspiracy to keep LH from winning, there were MUCH easier ways to do it. Firstly he surely would have been made to give P1 back to Max on lap 1. He also would have (rightly) been reprimanded for the dangerous Mazepin FP3 block, and would have started P12.","['racist', 'conspiracy', 'keep', 'lh', 'winning', 'much', 'easier', 'ways', 'firstly', 'surely', 'would', 'made', 'give', 'p1', 'back', 'max', 'lap', '1', 'also', 'would', '(', 'rightly', ')', 'reprimanded', 'dangerous', 'mazepin', 'fp3', 'block', 'would', 'started', 'p12']","['      If this was some racist conspiracy to keep LH from winning, there were MUCH easier ways to do it.', 'Firstly he surely would have been made to give P1 back to Max on lap 1.', 'He also would have (rightly) been reprimanded for the dangerous Mazepin FP3 block, and would have started P12.']",0.14761904761904762,0.5457671957671958,"['theonemikem', 'jacobthevega', 'frontwings', 'f1_jordan', 'fia', 'f1', 'racist', 'conspiracy', 'keep', 'lh', 'winning', 'much', 'easier', 'ways', 'firstly', 'surely', 'would', 'made', 'give', 'p1', 'back', 'max', 'lap', '1', 'also', 'would', '(', 'rightly', ')', 'reprimanded', 'dangerous', 'mazepin', 'fp3', 'block', 'would', 'started', 'p12']"
"@F1_Jordan @_the44 Please trend this #F1died 2021 !!
Let's get them!! We don't give up, let's Go, Keep Pushing everyone!!","['please', 'trend', 'f1died', '2021', 'let', 'get', ""n't"", 'give', 'let', 'go', 'keep', 'pushing', 'everyone']","['  Please trend this #F1died 2021 !!', ""Let's get them!!"", ""We don't give up, let's Go, Keep Pushing everyone!"", '!']",0.0,0.0,"['f1_jordan', '_the44', 'please', 'trend', 'f1died', '2021', 'let', 'get', ""n't"", 'give', 'let', 'go', 'keep', 'pushing', 'everyone']"
started using ğŸ¤£ lately iâ€™m blaming sir lewis hamilton,"['started', 'using', 'ğŸ¤£', 'lately', 'blaming', 'sir', 'lewis', 'hamilton']",['started using ğŸ¤£ lately iâ€™m blaming sir lewis hamilton'],-0.3,0.6,"['started', 'using', 'ğŸ¤£', 'lately', 'blaming', 'sir', 'lewis', 'hamilton']"
"@NobleF1 @F1_Jordan Please trend this #F1died 2021 !!
Let's get them!! We don't give up, let's Go, Keep Pushing everyone!!","['please', 'trend', 'f1died', '2021', 'let', 'get', ""n't"", 'give', 'let', 'go', 'keep', 'pushing', 'everyone']","['  Please trend this #F1died 2021 !!', ""Let's get them!!"", ""We don't give up, let's Go, Keep Pushing everyone!"", '!']",0.0,0.0,"['noblef1', 'f1_jordan', 'please', 'trend', 'f1died', '2021', 'let', 'get', ""n't"", 'give', 'let', 'go', 'keep', 'pushing', 'everyone']"
"@xGeeVee Different rep is more the easy answer. I like this a lot, if you play on next a ton of people are rocking that F1 driving suit/helmet for winning 100 games, so it works ğŸ¤·â€â™‚ï¸","['different', 'rep', 'easy', 'answer', 'like', 'lot', 'play', 'next', 'ton', 'people', 'rocking', 'f1', 'driving', 'suit/helmet', 'winning', '100', 'games', 'works', 'ğŸ¤·\u200dâ™‚ï¸']","[' Different rep is more the easy answer.', 'I like this a lot, if you play on next a ton of people are rocking that F1 driving suit/helmet for winning 100 games, so it works ğŸ¤·\u200dâ™‚ï¸']",0.2866666666666667,0.5366666666666667,"['xgeevee', 'different', 'rep', 'easy', 'answer', 'like', 'lot', 'play', 'next', 'ton', 'people', 'rocking', 'f1', 'driving', 'suit/helmet', 'winning', '100', 'games', 'works', 'ğŸ¤·\u200dâ™‚ï¸']"
@F1 @LewisHamilton And just wait until we see him in Bahrain â€¦ 92 days to go,"['wait', 'see', 'bahrain', 'â€¦', '92', 'days', 'go']",['  And just wait until we see him in Bahrain â€¦ 92 days to go'],0.0,0.0,"['f1', 'lewishamilton', 'wait', 'see', 'bahrain', 'â€¦', '92', 'days', 'go']"
"@jmjalisco @TommyCl97045284 @BronxLaugher @RN_Trader @Begentle50 @Khizzie Pretty sure that Rosberg has watched F1 before and he clearly says that you either clear them all or none, ""that's what happens when a safety car is deployed"" but clearly you have watched more F1 then him right?","['pretty', 'sure', 'rosberg', 'watched', 'f1', 'clearly', 'says', 'either', 'clear', 'none', '``', 'happens', 'safety', 'car', 'deployed', ""''"", 'clearly', 'watched', 'f1', 'right']","['      Pretty sure that Rosberg has watched F1 before and he clearly says that you either clear them all or none, ""that\'s what happens when a safety car is deployed"" but clearly you have watched more F1 then him right?']",0.2622448979591837,0.5820861678004535,"['jmjalisco', 'tommycl97045284', 'bronxlaugher', 'rn_trader', 'begentle50', 'khizzie', 'pretty', 'sure', 'rosberg', 'watched', 'f1', 'clearly', 'says', 'either', 'clear', 'none', '``', 'happens', 'safety', 'car', 'deployed', ""''"", 'clearly', 'watched', 'f1', 'right']"
"@LozBarber30 @F1_Jordan @sophwebsterxx Please trend this #F1died 2021 !!
Let's get them!! We don't give up, let's Go, Keep Pushing everyone!!","['please', 'trend', 'f1died', '2021', 'let', 'get', ""n't"", 'give', 'let', 'go', 'keep', 'pushing', 'everyone']","['   Please trend this #F1died 2021 !!', ""Let's get them!!"", ""We don't give up, let's Go, Keep Pushing everyone!"", '!']",0.0,0.0,"['lozbarber30', 'f1_jordan', 'sophwebsterxx', 'please', 'trend', 'f1died', '2021', 'let', 'get', ""n't"", 'give', 'let', 'go', 'keep', 'pushing', 'everyone']"
